{
    "harga": 0.3193520044338058,
    "jarak": 0.43041981772922866,
    "rating": 0.25022817783696544
}